type,title,duration,url,artist,director,numberOfActors
Song,Bohemian Rhapsody,00:04:13,https://www.youtube.com/watch?v=dQw4w9WgXcQ,Queen,N/A,N/A
Movie,Titanic,02:49:03,https://www.youtube.com/watch?v=60ItHLz5WEA,N/A,James Cameron,9
Song,Hotel California,00:04:03,https://www.youtube.com/watch?v=kJQP7kiw5Fk,Eagles,N/A,N/A
Movie,Pulp Fiction,02:16:38,https://www.youtube.com/watch?v=fRh_vgS2dFE,N/A,Quentin Tarantino,9
Movie,The Matrix,02:17:49,https://www.youtube.com/watch?v=dQw4w9WgXcQ,N/A,The Wachowskis,10
Song,Smells Like Teen Spirit,00:04:49,https://www.youtube.com/watch?v=9bZkp7q19f0,Nirvana,N/A,N/A
Movie,The Matrix,02:01:11,https://www.youtube.com/watch?v=fRh_vgS2dFE,N/A,The Wachowskis,2
Song,Bad Guy,00:05:44,https://www.youtube.com/watch?v=kJQP7kiw5Fk,Billie Eilish,N/A,N/A
Song,Hotel California,00:03:16,https://www.youtube.com/watch?v=dQw4w9WgXcQ,Eagles,N/A,N/A
Movie,The Dark Knight,02:44:28,https://www.youtube.com/watch?v=3JZ_D3ELwOQ,N/A,Christopher Nolan,6
Movie,Titanic,01:12:07,https://www.youtube.com/watch?v=9bZkp7q19f0,N/A,James Cameron,6
Movie,The Matrix,01:30:18,https://www.youtube.com/watch?v=9bZkp7q19f0,N/A,The Wachowskis,5
Movie,Titanic,01:38:21,https://www.youtube.com/watch?v=3JZ_D3ELwOQ,N/A,James Cameron,10
Movie,Titanic,02:59:55,https://www.youtube.com/watch?v=ktvTqknDobU,N/A,James Cameron,6
Movie,Titanic,01:32:58,https://www.youtube.com/watch?v=dQw4w9WgXcQ,N/A,James Cameron,9
Song,Bad Guy,00:03:12,https://www.youtube.com/watch?v=3JZ_D3ELwOQ,Billie Eilish,N/A,N/A
Song,Hotel California,00:04:17,https://www.youtube.com/watch?v=60ItHLz5WEA,Eagles,N/A,N/A
Song,Bad Guy,00:03:16,https://www.youtube.com/watch?v=RgKAFK5djSk,Billie Eilish,N/A,N/A
Song,Dance Monkey,00:05:02,https://www.youtube.com/watch?v=OPf0YbXqDm0,Tones and I,N/A,N/A
Song,Levitating,00:05:17,https://www.youtube.com/watch?v=kJQP7kiw5Fk,Dua Lipa,N/A,N/A
Movie,The Matrix,01:53:18,https://www.youtube.com/watch?v=60ItHLz5WEA,N/A,The Wachowskis,2
Movie,Inception,02:03:38,https://www.youtube.com/watch?v=3JZ_D3ELwOQ,N/A,Christopher Nolan,10
Song,Rolling in the Deep,00:04:02,https://www.youtube.com/watch?v=fRh_vgS2dFE,Adele,N/A,N/A
Movie,The Godfather,02:30:15,https://www.youtube.com/watch?v=OPf0YbXqDm0,N/A,Francis Ford Coppola,8
Movie,The Dark Knight,01:12:29,https://www.youtube.com/watch?v=OPf0YbXqDm0,N/A,Christopher Nolan,5
Movie,Pulp Fiction,02:12:46,https://www.youtube.com/watch?v=60ItHLz5WEA,N/A,Quentin Tarantino,5
Song,Bad Guy,00:05:08,https://www.youtube.com/watch?v=dQw4w9WgXcQ,Billie Eilish,N/A,N/A
Movie,Inception,02:08:53,https://www.youtube.com/watch?v=dQw4w9WgXcQ,N/A,Christopher Nolan,4
Movie,The Matrix,01:58:46,https://www.youtube.com/watch?v=fRh_vgS2dFE,N/A,The Wachowskis,5
Song,Shape of You,00:02:34,https://www.youtube.com/watch?v=fRh_vgS2dFE,Ed Sheeran,N/A,N/A
Song,Someone You Loved,00:04:11,https://www.youtube.com/watch?v=60ItHLz5WEA,Lewis Capaldi,N/A,N/A
Song,Smells Like Teen Spirit,00:05:40,https://www.youtube.com/watch?v=60ItHLz5WEA,Nirvana,N/A,N/A
Movie,Inception,02:53:52,https://www.youtube.com/watch?v=OPf0YbXqDm0,N/A,Christopher Nolan,5
Song,Bad Guy,00:03:31,https://www.youtube.com/watch?v=hT_nvWreIhg,Billie Eilish,N/A,N/A
Song,Shape of You,00:02:54,https://www.youtube.com/watch?v=hT_nvWreIhg,Ed Sheeran,N/A,N/A
Movie,The Matrix,01:51:34,https://www.youtube.com/watch?v=hT_nvWreIhg,N/A,The Wachowskis,8
Movie,Inception,02:44:43,https://www.youtube.com/watch?v=dQw4w9WgXcQ,N/A,Christopher Nolan,3
Song,Bohemian Rhapsody,00:05:08,https://www.youtube.com/watch?v=3JZ_D3ELwOQ,Queen,N/A,N/A
Song,Someone You Loved,00:05:36,https://www.youtube.com/watch?v=hT_nvWreIhg,Lewis Capaldi,N/A,N/A
Movie,Gladiator,01:48:00,https://www.youtube.com/watch?v=OPf0YbXqDm0,N/A,Ridley Scott,3
Song,Rolling in the Deep,00:04:35,https://www.youtube.com/watch?v=fRh_vgS2dFE,Adele,N/A,N/A
Song,Bad Guy,00:05:17,https://www.youtube.com/watch?v=RgKAFK5djSk,Billie Eilish,N/A,N/A
Movie,The Dark Knight,02:04:09,https://www.youtube.com/watch?v=9bZkp7q19f0,N/A,Christopher Nolan,2
Song,Levitating,00:02:21,https://www.youtube.com/watch?v=kJQP7kiw5Fk,Dua Lipa,N/A,N/A
Song,Levitating,00:05:50,https://www.youtube.com/watch?v=9bZkp7q19f0,Dua Lipa,N/A,N/A
Song,Bad Guy,00:02:12,https://www.youtube.com/watch?v=kJQP7kiw5Fk,Billie Eilish,N/A,N/A
Song,Hotel California,00:05:45,https://www.youtube.com/watch?v=dQw4w9WgXcQ,Eagles,N/A,N/A
Song,Hotel California,00:02:55,https://www.youtube.com/watch?v=dQw4w9WgXcQ,Eagles,N/A,N/A
Song,Smells Like Teen Spirit,00:05:42,https://www.youtube.com/watch?v=fRh_vgS2dFE,Nirvana,N/A,N/A
Song,Bad Guy,00:04:16,https://www.youtube.com/watch?v=60ItHLz5WEA,Billie Eilish,N/A,N/A
Movie,Avatar,02:50:41,https://www.youtube.com/watch?v=9bZkp7q19f0,N/A,James Cameron,6
Song,Rolling in the Deep,00:05:13,https://www.youtube.com/watch?v=OPf0YbXqDm0,Adele,N/A,N/A
Movie,Pulp Fiction,01:01:45,https://www.youtube.com/watch?v=fRh_vgS2dFE,N/A,Quentin Tarantino,9
Movie,The Dark Knight,01:42:37,https://www.youtube.com/watch?v=kJQP7kiw5Fk,N/A,Christopher Nolan,7
Movie,Titanic,01:19:31,https://www.youtube.com/watch?v=dQw4w9WgXcQ,N/A,James Cameron,3
Movie,The Godfather,02:19:00,https://www.youtube.com/watch?v=3JZ_D3ELwOQ,N/A,Francis Ford Coppola,9
Movie,The Dark Knight,02:36:39,https://www.youtube.com/watch?v=hT_nvWreIhg,N/A,Christopher Nolan,5
Movie,Gladiator,01:21:39,https://www.youtube.com/watch?v=fRh_vgS2dFE,N/A,Ridley Scott,4
Song,Smells Like Teen Spirit,00:05:08,https://www.youtube.com/watch?v=RgKAFK5djSk,Nirvana,N/A,N/A
Song,Hotel California,00:04:54,https://www.youtube.com/watch?v=3JZ_D3ELwOQ,Eagles,N/A,N/A
Movie,Avatar,02:22:58,https://www.youtube.com/watch?v=9bZkp7q19f0,N/A,James Cameron,3
Movie,Pulp Fiction,02:36:43,https://www.youtube.com/watch?v=dQw4w9WgXcQ,N/A,Quentin Tarantino,6
Song,Smells Like Teen Spirit,00:05:44,https://www.youtube.com/watch?v=dQw4w9WgXcQ,Nirvana,N/A,N/A
Song,Levitating,00:02:04,https://www.youtube.com/watch?v=3JZ_D3ELwOQ,Dua Lipa,N/A,N/A
Song,Someone You Loved,00:05:08,https://www.youtube.com/watch?v=60ItHLz5WEA,Lewis Capaldi,N/A,N/A
Movie,Titanic,01:54:29,https://www.youtube.com/watch?v=RgKAFK5djSk,N/A,James Cameron,3
Song,Smells Like Teen Spirit,00:05:21,https://www.youtube.com/watch?v=dQw4w9WgXcQ,Nirvana,N/A,N/A
Movie,The Matrix,01:16:07,https://www.youtube.com/watch?v=hT_nvWreIhg,N/A,The Wachowskis,6
Movie,The Dark Knight,02:00:50,https://www.youtube.com/watch?v=RgKAFK5djSk,N/A,Christopher Nolan,2
Song,Rolling in the Deep,00:04:41,https://www.youtube.com/watch?v=fRh_vgS2dFE,Adele,N/A,N/A
Song,Smells Like Teen Spirit,00:05:23,https://www.youtube.com/watch?v=RgKAFK5djSk,Nirvana,N/A,N/A
Movie,Gladiator,02:04:19,https://www.youtube.com/watch?v=fRh_vgS2dFE,N/A,Ridley Scott,6
Movie,Forrest Gump,01:16:53,https://www.youtube.com/watch?v=kJQP7kiw5Fk,N/A,Robert Zemeckis,4
Song,Shape of You,00:04:05,https://www.youtube.com/watch?v=fRh_vgS2dFE,Ed Sheeran,N/A,N/A
Song,Smells Like Teen Spirit,00:04:27,https://www.youtube.com/watch?v=9bZkp7q19f0,Nirvana,N/A,N/A
Movie,Forrest Gump,02:51:14,https://www.youtube.com/watch?v=dQw4w9WgXcQ,N/A,Robert Zemeckis,3
Song,Rolling in the Deep,00:04:11,https://www.youtube.com/watch?v=OPf0YbXqDm0,Adele,N/A,N/A
Movie,The Godfather,01:01:21,https://www.youtube.com/watch?v=RgKAFK5djSk,N/A,Francis Ford Coppola,8
Movie,Gladiator,01:32:05,https://www.youtube.com/watch?v=9bZkp7q19f0,N/A,Ridley Scott,4
Song,Rolling in the Deep,00:05:14,https://www.youtube.com/watch?v=kJQP7kiw5Fk,Adele,N/A,N/A
Movie,The Godfather,02:30:55,https://www.youtube.com/watch?v=fRh_vgS2dFE,N/A,Francis Ford Coppola,7
Movie,Pulp Fiction,02:58:58,https://www.youtube.com/watch?v=9bZkp7q19f0,N/A,Quentin Tarantino,8
Movie,The Dark Knight,02:49:46,https://www.youtube.com/watch?v=dQw4w9WgXcQ,N/A,Christopher Nolan,3
Song,Hotel California,00:04:30,https://www.youtube.com/watch?v=RgKAFK5djSk,Eagles,N/A,N/A
Song,Dance Monkey,00:03:48,https://www.youtube.com/watch?v=9bZkp7q19f0,Tones and I,N/A,N/A
Song,Bad Guy,00:03:08,https://www.youtube.com/watch?v=hT_nvWreIhg,Billie Eilish,N/A,N/A
Movie,Avatar,01:02:07,https://www.youtube.com/watch?v=3JZ_D3ELwOQ,N/A,James Cameron,9
Song,Someone You Loved,00:02:15,https://www.youtube.com/watch?v=hT_nvWreIhg,Lewis Capaldi,N/A,N/A
Song,Levitating,00:04:55,https://www.youtube.com/watch?v=fRh_vgS2dFE,Dua Lipa,N/A,N/A
Song,Someone You Loved,00:04:57,https://www.youtube.com/watch?v=ktvTqknDobU,Lewis Capaldi,N/A,N/A
Movie,Inception,02:34:30,https://www.youtube.com/watch?v=3JZ_D3ELwOQ,N/A,Christopher Nolan,9
Song,Someone You Loved,00:04:48,https://www.youtube.com/watch?v=fRh_vgS2dFE,Lewis Capaldi,N/A,N/A
Song,Bad Guy,00:03:20,https://www.youtube.com/watch?v=dQw4w9WgXcQ,Billie Eilish,N/A,N/A
Movie,The Matrix,02:23:19,https://www.youtube.com/watch?v=3JZ_D3ELwOQ,N/A,The Wachowskis,3
Movie,The Dark Knight,02:47:16,https://www.youtube.com/watch?v=3JZ_D3ELwOQ,N/A,Christopher Nolan,2
Movie,The Matrix,01:18:16,https://www.youtube.com/watch?v=9bZkp7q19f0,N/A,The Wachowskis,5
Movie,Titanic,01:06:21,https://www.youtube.com/watch?v=fRh_vgS2dFE,N/A,James Cameron,4
Movie,The Dark Knight,01:07:39,https://www.youtube.com/watch?v=3JZ_D3ELwOQ,N/A,Christopher Nolan,7
Song,Bohemian Rhapsody,00:02:19,https://www.youtube.com/watch?v=dQw4w9WgXcQ,Queen,N/A,N/A
Song,Blinding Lights,00:03:56,https://www.youtube.com/watch?v=9bZkp7q19f0,The Weeknd,N/A,N/A
